																												
	F	F	F						F	F	F						F	F	F		F	F	F	F	F	F	F	
	F		F						F		F						F	F	F		F				F		F	
	F		F				F	F	F		F	F	F	F	F		F	F	F		F		F	F	F		F	
	F						F	F	F						F		F	F	F		F		F				F	
	F		F	F	F	F	F	F	F		F	F	F		F		F	F	F	F	F		F	F	F		F	
	F		F		SU		F	F	F		F				F				F						F		F	
	F	F	F		SUU		F	F	F		F		F	F	F		F	F	F		F	F	F		F		F	
											F		F								F		F		F		F	
			F	F	F	F	F	F	F		F		F		F	F	F	F	F	F	F		F	F	F		F	
			F	F	F	F	F	F	F		F		F		F										F		F	
			F	F	F	F	F	F	F		F	F	F		F	F	F	F	F	F	F	F	F	F	F		F	
			F								F				F	F	F	F	F	F	F	F	F	F	F		SD	
			F	F	F	F	F				F				F	F	F	F	F	F	F	F	F	F	F		SDD	
			F	F	F	F	F				F										F							
			F	F	F	F	F				F	F	F	F	F	F	F	F	F		F	F	F	F	F	F	F	
			F	F	F	F	F				F	F	F	F	F	F	F	F	F								F	
			F	F	F	F	F				F	F	F	F	F	F	F	F	F				F	F	F		F	
			F	F	F	F	F				F	F	F	F	F	F	F	F	F				F		F		F	
	F	F	F	F	F	F	F				F	F	F	F	F	F	F	F	F				F		F	F	F	
	F										F												F				F	
	F	F	F								F	F	F	F	F	F	F		F	F	F	F	F		F		F	
			F														F				F				F		F	
	F	F	F		F	F	F	F	F	F	F	F	F	F	F		F	F	F		F				F	F	F	
	F				F	F	F	F	F	F	F	F	F	F	F				F		F							
	F		F	F	F	F	F	F	F	F	F	F	F	F	F		F	F	F		F	F	F	F	F			
	F		F		F	F	F	F	F	F	F	F	F	F	F		F								F			
	F	F	F		F	F	F	F	F	F	F	F	F	F	F	F	F		F	F	F	F	F		F			
	F				F	F	F	F	F	F	F	F	F	F	F				F	F	F	F	F		F			
	F				F	F	F	F	F	F	F	F	F	F	F	F	F		F	F	F	F	F	F	F			
	F				F	F	F	F	F	F	F	F	F	F	F		F		F	F	F	F	F					
	F	F	F		F	F	F	F	F	F	F	F	F	F	F		F		F	F	F	F	F					
			F		F	F	F	F	F	F	F	F	F	F	F		F		F	F	F	F	F					
	F	F	F		F	F	F	F	F	F	F	F	F	F	F		F	F	F	F	F	F	F					
	F																						F					
	F	F	F	F	F	F	F	F	F	F	F	F	F	F	F	F	F	F	F	F	F	F	F					
																												